제목,이미지 주소
자산어보,https://movie-phinf.pstatic.net/20210331_104/1617166166627wzUHH_JPEG/movie_image.jpg?type=m99_141_2
고질라 VS. 콩,https://movie-phinf.pstatic.net/20210310_199/1615367075185E9pMt_JPEG/movie_image.jpg?type=m99_141_2
극장판 귀멸의 칼날: 무한열차편,https://movie-phinf.pstatic.net/20210126_174/1611638248803840HH_JPEG/movie_image.jpg?type=m99_141_2
미나리,https://movie-phinf.pstatic.net/20210322_142/1616399817643EJ85O_JPEG/movie_image.jpg?type=m99_141_2
아무도 없는 곳,https://movie-phinf.pstatic.net/20210318_169/1616050035638vpyp7_JPEG/movie_image.jpg?type=m99_141_2
패왕별희 디 오리지널,https://movie-phinf.pstatic.net/20210210_265/1612922673967HDuOX_JPEG/movie_image.jpg?type=m99_141_2
해길랍,https://movie-phinf.pstatic.net/20210310_108/1615364735577t3OEz_JPEG/movie_image.jpg?type=m99_141_2
라야와 마지막 드래곤,https://movie-phinf.pstatic.net/20210215_30/1613366376318deAa1_JPEG/movie_image.jpg?type=m99_141_2
"조제, 호랑이 그리고 물고기들",https://movie-phinf.pstatic.net/20210324_5/1616552731595IPjJv_JPEG/movie_image.jpg?type=m99_141_2
소울,https://movie-phinf.pstatic.net/20210107_160/1609984702837oNdmw_JPEG/movie_image.jpg?type=m99_141_2
최면,https://movie-phinf.pstatic.net/20210315_6/1615776377782BBsNl_JPEG/movie_image.jpg?type=m99_141_2
스파이의 아내,https://movie-phinf.pstatic.net/20210308_237/1615171952260dkz3u_JPEG/movie_image.jpg?type=m99_141_2
커피 오어 티,https://movie-phinf.pstatic.net/20210317_213/1615941660599xGURu_JPEG/movie_image.jpg?type=m99_141_2
당신의 사월,https://movie-phinf.pstatic.net/20210224_183/1614131241587WTJdt_JPEG/movie_image.jpg?type=m99_141_2
중경삼림,https://movie-phinf.pstatic.net/20210208_255/1612760227924x9jop_JPEG/movie_image.jpg?type=m99_141_2
인천스텔라,https://movie-phinf.pstatic.net/20210318_281/1616043863160Y4nwt_JPEG/movie_image.jpg?type=m99_141_2
파이터,https://movie-phinf.pstatic.net/20210223_109/1614071286007hejv3_JPEG/movie_image.jpg?type=m99_141_2
정말 먼 곳,https://movie-phinf.pstatic.net/20210318_149/1616058935356uF5rW_JPEG/movie_image.jpg?type=m99_141_2
죽은 시인의 사회,https://movie-phinf.pstatic.net/20210315_143/1615793538419tIM2B_JPEG/movie_image.jpg?type=m99_141_2
부활: 그 증거,https://movie-phinf.pstatic.net/20200917_133/1600306215089RKFsD_JPEG/movie_image.jpg?type=m99_141_2
부활,https://movie-phinf.pstatic.net/20210319_228/1616116102230P9GPX_JPEG/movie_image.jpg?type=m99_141_2
더 박스,https://movie-phinf.pstatic.net/20210315_37/1615794044458lhiGN_JPEG/movie_image.jpg?type=m99_141_2
러빙 빈센트,https://movie-phinf.pstatic.net/20210304_7/16148427597050rJzf_JPEG/movie_image.jpg?type=m99_141_2
아이 씨 유,https://movie-phinf.pstatic.net/20210304_145/1614836377669TftlG_JPEG/movie_image.jpg?type=m99_141_2
빛과 철,https://movie-phinf.pstatic.net/20210203_43/16123289905147UkNJ_JPEG/movie_image.jpg?type=m99_141_2
반딧불이 딘딘과 용감한 곤충 탐험대,https://movie-phinf.pstatic.net/20210225_212/1614230200527IKqmQ_JPEG/movie_image.jpg?type=m99_141_2
시 읽는 시간,https://movie-phinf.pstatic.net/20210323_121/1616465992978K3XLL_JPEG/movie_image.jpg?type=m99_141_2
모리타니안,https://movie-phinf.pstatic.net/20210312_98/1615526859257m3Xyo_JPEG/movie_image.jpg?type=m99_141_2
불한당: 나쁜 놈들의 세상,https://movie-phinf.pstatic.net/20170517_137/1494988360843qAvzP_JPEG/movie_image.jpg?type=m99_141_2
해피 투게더,https://movie-phinf.pstatic.net/20210111_41/1610333478672K6ihS_JPEG/movie_image.jpg?type=m99_141_2
화양연화,https://movie-phinf.pstatic.net/20201028_19/1603867994616GALu9_JPEG/movie_image.jpg?type=m99_141_2
날씨의 아이,https://movie-phinf.pstatic.net/20200515_153/1589521029136pyDNk_JPEG/movie_image.jpg?type=m99_141_2
카오스 워킹,https://movie-phinf.pstatic.net/20210225_97/1614231870410l8bUS_JPEG/movie_image.jpg?type=m99_141_2
반지의 제왕: 두 개의 탑,https://movie-phinf.pstatic.net/20210311_91/16154244436748I97J_JPEG/movie_image.jpg?type=m99_141_2
반지의 제왕: 왕의 귀환,https://movie-phinf.pstatic.net/20210311_228/1615424566975JRkQp_JPEG/movie_image.jpg?type=m99_141_2
노가리,https://movie-phinf.pstatic.net/20210324_82/16165463994993eYsF_JPEG/movie_image.jpg?type=m99_141_2
랜드,https://movie-phinf.pstatic.net/20210224_126/1614147665518jKpE0_JPEG/movie_image.jpg?type=m99_141_2
라라의 신비한 모험,https://movie-phinf.pstatic.net/20210303_134/1614738716985lnl4t_JPEG/movie_image.jpg?type=m99_141_2
해변의 에트랑제,https://movie-phinf.pstatic.net/20210125_20/1611551696077lGGQ8_JPEG/movie_image.jpg?type=m99_141_2
아일로,https://movie-phinf.pstatic.net/20210308_189/1615186121315N5aq5_JPEG/movie_image.jpg?type=m99_141_2
아틱,https://movie-phinf.pstatic.net/20210318_258/1616035627017QhuyS_JPEG/movie_image.jpg?type=m99_141_2
와일드 마운틴 타임,https://movie-phinf.pstatic.net/20210303_164/1614751855308gqHoY_JPEG/movie_image.jpg?type=m99_141_2
극장판 바이올렛 에버가든,https://movie-phinf.pstatic.net/20201015_24/1602727813929ObxtV_JPEG/movie_image.jpg?type=m99_141_2
싱크로닉,https://movie-phinf.pstatic.net/20210322_194/1616394886763SVgGg_JPEG/movie_image.jpg?type=m99_141_2
"힘내세요, 병헌씨",https://movie-phinf.pstatic.net/20130603_290/1370228109944RKPX2_JPEG/movie_image.jpg?type=m99_141_2
턴: 더 스트릿,https://movie-phinf.pstatic.net/20210308_204/16151690232671pLCj_JPEG/movie_image.jpg?type=m99_141_2
암모나이트,https://movie-phinf.pstatic.net/20210223_152/16140611130096PApJ_JPEG/movie_image.jpg?type=m99_141_2
낙엽귀근,https://movie-phinf.pstatic.net/20210302_166/1614666227601XrkTt_JPEG/movie_image.jpg?type=m99_141_2
그녀가 사라졌다,https://movie-phinf.pstatic.net/20210217_83/1613533547319a4Nc6_JPEG/movie_image.jpg?type=m99_141_2
117편의 러브레터,https://movie-phinf.pstatic.net/20210302_206/1614663012921ti8Yu_JPEG/movie_image.jpg?type=m99_141_2
아이 빌리브,https://movie-phinf.pstatic.net/20201022_271/1603334316864GIFQv_JPEG/movie_image.jpg?type=m99_141_2
동사서독 리덕스,https://movie-phinf.pstatic.net/20200604_15/1591247825393Va5w9_JPEG/movie_image.jpg?type=m99_141_2
신 테니스의 왕자 효테이 vs 릿카이 : 게임 오브 퓨처 전편,https://movie-phinf.pstatic.net/20210305_203/1614920212117AFeua_JPEG/movie_image.jpg?type=m99_141_2
헬렌: 내 영혼의 자화상,https://movie-phinf.pstatic.net/20210205_206/1612491783197zQRPm_JPEG/movie_image.jpg?type=m99_141_2
몬테크리스토: 더 뮤지컬 라이브,https://movie-phinf.pstatic.net/20210305_78/1614908101775ijCvq_JPEG/movie_image.jpg?type=m99_141_2
반지의 제왕: 반지 원정대,https://movie-phinf.pstatic.net/20210308_290/16151786976685f4Mv_JPEG/movie_image.jpg?type=m99_141_2
고백,https://movie-phinf.pstatic.net/20210323_142/1616486373585xOa7v_JPEG/movie_image.jpg?type=m99_141_2
세자매,https://movie-phinf.pstatic.net/20210114_78/1610588407942CoL2I_JPEG/movie_image.jpg?type=m99_141_2
아비정전,https://movie-phinf.pstatic.net/20170315_53/148955223217831bi6_JPEG/movie_image.jpg?type=m99_141_2
바울,https://movie-phinf.pstatic.net/20181126_296/1543195305541TXc6u_JPEG/movie_image.jpg?type=m99_141_2
너의 이름은.,https://movie-phinf.pstatic.net/20171222_70/1513920001726sikUX_JPEG/movie_image.jpg?type=m99_141_2
가나의 혼인잔치: 언약,https://movie-phinf.pstatic.net/20201023_21/1603421248315A8uvj_JPEG/movie_image.jpg?type=m99_141_2
아이카,https://movie-phinf.pstatic.net/20210311_223/1615453972813YJ5GV_JPEG/movie_image.jpg?type=m99_141_2
리틀 조,https://movie-phinf.pstatic.net/20210325_132/16166613479694u39i_JPEG/movie_image.jpg?type=m99_141_2
유공자,https://movie-phinf.pstatic.net/20210224_129/1614143384817FSlm4_JPEG/movie_image.jpg?type=m99_141_2
라스트 레터,https://movie-phinf.pstatic.net/20210326_20/1616727664075P5xyx_JPEG/movie_image.jpg?type=m99_141_2
벌새,https://movie-phinf.pstatic.net/20190805_121/1564969695835Iq9Qc_JPEG/movie_image.jpg?type=m99_141_2
마태복음,https://movie-phinf.pstatic.net/20111222_8/1324530628278p3TjK_JPEG/movie_image.jpg?type=m99_141_2
밤빛,https://movie-phinf.pstatic.net/20210204_171/1612401648317NgFUf_JPEG/movie_image.jpg?type=m99_141_2
추룡 2 : 패왕,https://movie-phinf.pstatic.net/20210118_106/16109380921455Ax9y_JPEG/movie_image.jpg?type=m99_141_2
미션 파서블,https://movie-phinf.pstatic.net/20210217_241/1613552832867Ef7Rb_JPEG/movie_image.jpg?type=m99_141_2
신 고질라,https://movie-phinf.pstatic.net/20170303_253/14885224385190u8vi_JPEG/movie_image.jpg?type=m99_141_2
신은 죽지 않았다 3: 어둠 속의 빛,https://movie-phinf.pstatic.net/20180612_194/1528767277354DKz2r_JPEG/movie_image.jpg?type=m99_141_2
애비규환,https://movie-phinf.pstatic.net/20201026_228/1603688295184ISYNW_JPEG/movie_image.jpg?type=m99_141_2
예수는 역사다,https://movie-phinf.pstatic.net/20170529_267/1496019021214jtmxd_JPEG/movie_image.jpg?type=m99_141_2
천로역정: 천국을 찾아서,https://movie-phinf.pstatic.net/20190624_263/1561360740472v2Mfv_JPEG/movie_image.jpg?type=m99_141_2
UFO 스케치,https://movie-phinf.pstatic.net/20210225_292/1614228206718j9AkY_JPEG/movie_image.jpg?type=m99_141_2
극장판 소드 아트 온라인 -오디널 스케일-,https://movie-phinf.pstatic.net/20170203_137/1486084416321ESQw3_JPEG/movie_image.jpg?type=m99_141_2
남매의 여름밤,https://movie-phinf.pstatic.net/20200721_100/1595307510654a6eNC_JPEG/movie_image.jpg?type=m99_141_2
너의 췌장을 먹고 싶어,https://movie-phinf.pstatic.net/20170927_210/1506482182997qLEa4_JPEG/movie_image.jpg?type=m99_141_2
더 테이블,https://movie-phinf.pstatic.net/20170803_104/1501721449407bMw1k_JPEG/movie_image.jpg?type=m99_141_2
아수라도,https://movie-phinf.pstatic.net/20210304_69/1614822106351dblaR_JPEG/movie_image.jpg?type=m99_141_2
최악의 하루,https://movie-phinf.pstatic.net/20160712_61/1468283187882s0unW_JPEG/movie_image.jpg?type=m99_141_2
하나와 앨리스,https://movie-phinf.pstatic.net/20210205_285/1612505917116YXpTz_JPEG/movie_image.jpg?type=m99_141_2
겁쟁이 페달: 더 무비,https://movie-phinf.pstatic.net/20151202_53/1449022707963teyUK_JPEG/movie_image.jpg?type=m99_141_2
겁쟁이 페달: 리라이드,https://movie-phinf.pstatic.net/20151202_245/1449022835220GsF6T_JPEG/movie_image.jpg?type=m99_141_2
겁쟁이 페달: 리로드,https://movie-phinf.pstatic.net/20151202_52/1449022767259zeSFr_JPEG/movie_image.jpg?type=m99_141_2
겨울밤에,https://movie-phinf.pstatic.net/20201116_298/1605510504666cKAqL_JPEG/movie_image.jpg?type=m99_141_2
고질라,https://movie-phinf.pstatic.net/20140403_81/1396514035426fDfbb_JPEG/movie_image.jpg?type=m99_141_2
교실 안의 야크,https://movie-phinf.pstatic.net/20200910_92/1599711981305fdQMq_JPEG/movie_image.jpg?type=m99_141_2
그 여름 가장 조용한 바다,https://movie-phinf.pstatic.net/20170627_272/1498555306196it5pl_JPEG/movie_image.jpg?type=m99_141_2
그리고 방행자,https://movie-phinf.pstatic.net/20210218_245/1613616413839i0BYa_JPEG/movie_image.jpg?type=m99_141_2
극장판 쿠로코의 농구 라스트 게임,https://movie-phinf.pstatic.net/20170414_125/1492154333194H9k8h_JPEG/movie_image.jpg?type=m99_141_2
극장판 페이트/그랜드 오더 신성원탁영역 카멜롯 완더링; 아가트람,https://movie-phinf.pstatic.net/20210204_295/1612419766484OyfWj_JPEG/movie_image.jpg?type=m99_141_2
기도하는 남자,https://movie-phinf.pstatic.net/20210324_115/1616551468723GErqJ_JPEG/movie_image.jpg?type=m99_141_2
너의 새는 노래할 수 있어,https://movie-phinf.pstatic.net/20200323_292/1584931659805XcQge_JPEG/movie_image.jpg?type=m99_141_2
동경 이야기,https://movie-phinf.pstatic.net/20140807_285/1407396855353S63rj_JPEG/movie_image.jpg?type=m99_141_2
러브 라이브! 더 스쿨 아이돌 무비,https://movie-phinf.pstatic.net/20150821_231/14401205145729128K_PNG/movie_image.jpg?type=m99_141_2
러브 액츄얼리,https://movie-phinf.pstatic.net/20191202_278/1575250003279Taafr_JPEG/movie_image.jpg?type=m99_141_2
만춘,https://movie-phinf.pstatic.net/20111223_122/1324637849375kwUd5_JPEG/movie_image.jpg?type=m99_141_2
미드나잇 버스,https://movie-phinf.pstatic.net/20210115_75/1610693917244VmoRX_JPEG/movie_image.jpg?type=m99_141_2
브레이브 언더 파이어,https://movie-phinf.pstatic.net/20210309_295/1615268177620WO9Op_JPEG/movie_image.jpg?type=m99_141_2
사막의 라이온,https://movie-phinf.pstatic.net/20111222_144/1324498432034dBAmo_JPEG/movie_image.jpg?type=m99_141_2
살인광 시대,https://movie-phinf.pstatic.net/20111221_277/1324462468053JfkSq_JPEG/movie_image.jpg?type=m99_141_2
스잔나,https://movie-phinf.pstatic.net/20150420_196/1429513051082Qa6Vp_JPEG/movie_image.jpg?type=m99_141_2
시티 라이트,https://movie-phinf.pstatic.net/20150330_34/1427704499540uW3L4_JPEG/movie_image.jpg?type=m99_141_2
식물도감,https://movie-phinf.pstatic.net/20180601_210/1527819835110o58FK_JPEG/movie_image.jpg?type=m99_141_2
썩시드,https://movie-phinf.pstatic.net/20200117_116/1579248763145S6Hfb_JPEG/movie_image.jpg?type=m99_141_2
안녕하세요,https://movie-phinf.pstatic.net/20111222_172/1324530884035Ih8ci_JPEG/movie_image.jpg?type=m99_141_2
에덴: 로스트 인 뮤직,https://movie-phinf.pstatic.net/20151007_83/1444183701565IFuVD_JPEG/movie_image.jpg?type=m99_141_2
에로스,https://movie-phinf.pstatic.net/20111222_184/1324546022107iHdDp_JPEG/movie_image.jpg?type=m99_141_2
열혈남아,https://movie-phinf.pstatic.net/20111223_66/1324577816239RQoe4_JPEG/movie_image.jpg?type=m99_141_2
오차즈케의 맛,https://movie-phinf.pstatic.net/20201127_146/1606441017408rhJxS_JPEG/movie_image.jpg?type=m99_141_2
일대종사,https://movie-phinf.pstatic.net/20130722_36/13744580771958S8Jg_JPEG/movie_image.jpg?type=m99_141_2
지구 최후의 밤,https://movie-phinf.pstatic.net/20190625_153/1561429790305jIoL8_JPEG/movie_image.jpg?type=m99_141_2
질투,https://movie-phinf.pstatic.net/20150311_95/1426034858277jfRpr_JPEG/movie_image.jpg?type=m99_141_2
초속5센티미터,https://movie-phinf.pstatic.net/20191115_264/15737816336734R30z_JPEG/movie_image.jpg?type=m99_141_2
콜드 워,https://movie-phinf.pstatic.net/20190116_187/15476220698637Uv7t_JPEG/movie_image.jpg?type=m99_141_2
행복한 라짜로,https://movie-phinf.pstatic.net/20190530_66/15592076283949St3E_JPEG/movie_image.jpg?type=m99_141_2
허트 로커,https://movie-phinf.pstatic.net/20210302_125/1614661968971XyIiF_JPEG/movie_image.jpg?type=m99_141_2
3개의 얼굴들,https://movie-phinf.pstatic.net/20200827_116/15984940709696r6FP_JPEG/movie_image.jpg?type=m99_141_2
건축학개론,https://movie-phinf.pstatic.net/20120227_164/1330332687398PQ1U3_JPEG/movie_image.jpg?type=m99_141_2
늑대소년,https://movie-phinf.pstatic.net/20121015_190/1350280084768nSVfX_JPEG/movie_image.jpg?type=m99_141_2
맹크,https://movie-phinf.pstatic.net/20201104_244/1604453688064YHNPF_JPEG/movie_image.jpg?type=m99_141_2
미드나이트 스카이,https://movie-phinf.pstatic.net/20201029_48/1603933692802GfEyT_JPEG/movie_image.jpg?type=m99_141_2
미스 사이공: 25주년 특별 공연,https://movie-phinf.pstatic.net/20161103_256/1478160313724rHuDS_JPEG/movie_image.jpg?type=m99_141_2
소공녀,https://movie-phinf.pstatic.net/20180306_274/1520300631041QOrJ2_JPEG/movie_image.jpg?type=m99_141_2
아가씨,https://movie-phinf.pstatic.net/20160523_204/14639851237601hEGQ_JPEG/movie_image.jpg?type=m99_141_2
테넷,https://movie-phinf.pstatic.net/20200728_86/15959209130236RePy_JPEG/movie_image.jpg?type=m99_141_2
파수꾼,https://movie-phinf.pstatic.net/20111223_299/1324632673906KHPrP_JPEG/movie_image.jpg?type=m99_141_2
프라미싱 영 우먼,https://movie-phinf.pstatic.net/20210208_83/1612747165478tIX9H_JPEG/movie_image.jpg?type=m99_141_2
